date,sentiment,fgi_value,total_trades,total_pnl,net_pnl,avg_trade_size,total_volume,active_traders,avg_win_rate,avg_long_short_ratio
2023-05-01,Greed,63.0,3,0.0,0.0,159.0,477.0,1,,
2023-12-05,Extreme Greed,75.0,9,0.0,-12.501455,5556.203333333334,50005.83,1,,3.5
2023-12-14,Greed,72.0,11,-205.43473700000007,-233.73556800000003,10291.213636363636,113203.35,1,0.6666666666666666,1.75
2023-12-15,Greed,70.0,2,-24.632033999999997,-27.284523,5304.975,10609.95,1,0.0,0.0
2023-12-16,Greed,67.0,3,0.0,-3.8371890000000004,5116.256666666667,15348.77,1,,
2023-12-17,Greed,73.0,14,304.982785,275.91328599999997,8305.572857142857,116278.02,1,0.6363636363636364,
2023-12-18,Greed,65.0,2,0.0,-7.791045,15582.089999999998,31164.179999999997,1,,
2023-12-19,Greed,73.0,15,1000.5386120000001,977.638016,6106.827333333334,91602.41,1,1.0,
2023-12-20,Greed,74.0,18,162.732282,127.323095,7868.710555555556,141636.79,1,1.0,
2023-12-21,Greed,70.0,49,537.211402,505.902933,2555.795306122449,125233.97,1,0.9629629629629629,
2023-12-22,Greed,74.0,10,141.832675,119.61410899999998,8887.428,88874.28,1,1.0,
2023-12-23,Greed,70.0,13,146.936704,127.327149,6033.711538461538,78438.25,1,1.0,
2023-12-24,Greed,71.0,39,1008.619956,907.881241,10332.177948717948,402954.94,1,0.8823529411764706,4.571428571428571
2023-12-25,Greed,73.0,3,-245.081348,-260.068473,19982.836666666666,59948.51,1,0.0,
2023-12-27,Greed,73.0,28,-704.8892269999999,-747.741974,6121.823571428571,171411.06,1,0.3076923076923077,
2023-12-28,Greed,73.0,23,-970.730876,-995.760176,4352.923913043478,100117.25,1,0.0,
2023-12-29,Greed,65.0,50,508.92214299999995,366.532242,11391.1944,569559.72,1,0.75,2.8461538461538463
2023-12-30,Greed,68.0,52,354.998648,179.36112199999997,13510.58096153846,702550.21,1,0.696969696969697,2.0588235294117645
2024-01-01,Greed,65.0,18,-129.53146,-195.59132699999998,14679.973888888888,264239.52999999997,1,0.16666666666666666,3.5
2024-01-02,Greed,71.0,17,783.979116,753.64194,7138.1611764705885,121348.74,1,0.8888888888888888,0.0
2024-01-03,Greed,70.0,67,866.015507,767.390696,5888.050149253731,394499.36,1,0.8,
2024-01-04,Greed,68.0,5,-67.60364,-92.551772,19958.508,99792.54000000001,1,0.0,
2024-01-05,Greed,72.0,66,164.141565,-261.844074,25817.31303030303,1703942.66,1,0.5652173913043478,1.75
2024-01-06,Greed,70.0,22,135.58166400000002,60.95132200000004,13569.154545454547,298521.4,1,0.8333333333333334,6.333333333333333
2024-01-07,Greed,71.0,97,-835.681235,-1097.893699,10812.887216494846,1048850.06,1,0.24324324324324326,4.388888888888889
2024-01-08,Greed,71.0,128,-269.874439,-650.4875030000002,11894.159609375,1522452.43,1,0.47761194029850745,1.7234042553191489
2024-01-09,Extreme Greed,76.0,70,-826.349863,-1030.3627910000002,12429.313857142857,870051.97,1,0.6428571428571429,2.5
2024-01-10,Greed,73.0,193,-1517.091342,-1951.136207,10660.515440414507,2057479.48,1,0.4939759036144578,1.1444444444444444
2024-01-11,Extreme Greed,76.0,21,-164.08950099999998,-239.95667199999997,18353.99986842105,305314.1,2,0.5555555555555556,1.1111111111111112
2024-01-12,Greed,71.0,7,-1925.519024,-1974.999751,28583.181428571428,200082.27,1,0.0,
2024-01-15,Neutral,52.0,14,152.85358,140.200868,5035.616222222222,50636.1,2,1.0,
2024-01-16,Greed,64.0,9,-2299.1714580000003,-2316.4907670000002,14114.381666666668,116427.33,2,0.5,
2024-01-17,Greed,60.0,53,813.2741110000001,653.566505,15110.019433962265,800831.03,1,0.5789473684210527,1.12
2024-01-18,Greed,63.0,46,68.93319,-23.724710999999996,9231.120217391304,424631.52999999997,1,0.3333333333333333,0.84
2024-01-19,Neutral,51.0,48,-385.419235,-478.471103,5557.927393162393,428428.97,2,0.23369565217391303,1.8333333333333335
2024-01-20,Neutral,52.0,106,-146.57487000000003,-414.097453,10095.193490566038,1070090.51,1,0.46875,1.4090909090909092
2024-01-21,Greed,56.0,11,266.58114600000005,240.79871599999998,9375.43090909091,103129.74,1,0.6,0.5714285714285714
2024-01-22,Greed,55.0,85,1375.640959,1308.162691,4398.632640765765,337878.99,2,0.5692307692307692,1.4333333333333331
2024-01-23,Neutral,50.0,45,-369.2447299999998,-454.96929999999986,9211.531777777778,414518.93000000005,1,0.55,1.5
2024-01-24,Neutral,48.0,68,-2808.353815,-3036.12491,14192.42044117647,965084.59,1,0.25,1.5185185185185186
2024-01-25,Neutral,52.0,6,-3093.6293849999997,-3110.270917,11094.355000000001,66566.13,1,0.0,
2024-01-26,Neutral,49.0,5,90.2,89.755765,2733.518333333333,11773.21,2,1.0,
2024-01-28,Neutral,54.0,11,-2478.06972,-2477.707544,1646.2754545454545,18109.03,1,0.0,
2024-01-29,Greed,55.0,74,486.562542,383.299937,3379.293611111111,414208.18,2,1.0,1.5714285714285714
2024-01-30,Greed,61.0,49,-173.65419100000003,-273.90700100000004,8183.905714285715,401011.38,1,0.2631578947368421,0.6333333333333333
2024-01-31,Greed,60.0,859,-799.840817,-2349.252292,7340.683504074505,6305647.13,1,0.5298165137614679,0.9002217294900222
2024-02-01,Greed,63.0,6,0.0,-0.5020439999999999,334.69666666666666,2008.18,1,,
2024-02-02,Greed,63.0,42,456.423473,364.853837,11292.343571428572,474278.43,1,0.6190476190476191,2.0
2024-02-03,Greed,60.0,56,223.30918699999998,113.64683800000003,10782.5,603820.0,1,0.5,0.47368421052631576
2024-02-04,Greed,60.0,35,47.62389499999999,-2.9029850000000166,5805.358,203187.53,1,0.32142857142857145,1.9166666666666667
2024-02-05,Greed,60.0,72,-33.45419400000003,-199.00365900000008,10697.198055555556,770198.26,1,0.4375,1.88
2024-02-06,Greed,64.0,1088,-215.615907,-1204.222904,7396.280707720588,8047153.41,1,0.3422562141491396,0.9579524680073126
2024-02-07,Greed,62.0,15,241.24212,240.902427,450.582,6758.73,1,1.0,0.5
2024-02-08,Greed,66.0,10,770.756024,767.7531369999999,2605.112,26051.12,1,1.0,0.6666666666666666
2024-02-11,Greed,71.0,34,983.443176,958.487884,6244.465294117647,212311.82,1,1.0,1.8333333333333333
2024-02-12,Greed,70.0,16,913.8817869999998,886.7698759999998,14202.981249999999,227247.69999999998,1,0.4,0.3333333333333333
2024-02-13,Extreme Greed,79.0,14,559.44389,559.483882,142.85642857142858,1999.99,1,1.0,
2024-02-14,Greed,74.0,111,3830.599833,3807.682359,3472.0587796442687,320839.88,2,0.99375,1.7183333333333333
2024-02-15,Greed,72.0,63,1840.797677,1810.0913800000003,5678.168706293706,185188.04,2,0.8636363636363636,1.3333333333333333
2024-02-16,Greed,72.0,182,5491.768834,5464.543664,5563.155696078431,564896.51,2,1.0,2.7142857142857144
2024-02-17,Extreme Greed,76.0,94,1929.6417999999999,1867.586747,4976.912505208334,406118.07,2,0.8181818181818181,3.1842105263157894
2024-02-18,Greed,72.0,97,477.6248299999999,480.7657549999999,1619.0532989690723,157048.17,1,0.8970588235294118,5.466666666666667
2024-02-19,Extreme Greed,75.0,101,4317.7685630000005,4302.915943,5410.998429824562,286377.19999999995,2,0.6666666666666666,1.1363636363636365
2024-02-20,Greed,72.0,39,3263.628824,3260.555149,1895.3506428571427,119419.72,2,0.9821428571428572,2.5
2024-02-21,Extreme Greed,78.0,22,1858.7985700000002,1855.827941,7337.131428571429,108047.52,2,1.0,
2024-02-22,Greed,74.0,88,3894.1050699999996,3868.6524899999995,3389.888081395349,373033.87,2,0.7407407407407407,
2024-02-23,Extreme Greed,76.0,143,1418.55293,1420.619999,776.966013986014,111106.14,1,0.9927536231884058,0.08333333333333333
2024-02-25,Greed,74.0,5,-30.7705,-30.6809,896.0260000000001,4480.13,1,0.0,0.0
2024-02-26,Greed,72.0,39,4416.8473,4416.945025000001,2715.3596621621623,192187.14,2,1.0,0.16071428571428573
2024-02-27,Extreme Greed,79.0,63,888.5117329999999,892.2733420000001,2040.8925454545456,209362.30000000002,2,0.7714285714285714,3.7051282051282053
2024-02-28,Extreme Greed,82.0,45,2503.747235,2505.124387,3802.380666666667,171107.13,1,1.0,0.36363636363636365
2024-02-29,Extreme Greed,80.0,116,9813.996992,9812.637907,3474.4628374836175,395666.73000000004,2,1.0,0.6931818181818181
2024-03-01,Extreme Greed,80.0,137,8244.241409,8244.788263,3452.370072992701,472974.7,1,1.0,3.566666666666667
2024-03-02,Extreme Greed,80.0,31,230.90060000000017,231.369729,1465.5565773809524,63197.56,2,0.5,0.045454545454545456
2024-03-03,Extreme Greed,83.0,79,8361.086245,8363.593348,4946.1478481012655,390745.68,1,1.0,3.1578947368421053
2024-03-04,Extreme Greed,82.0,300,27799.775742,27800.335191,2887.80190967569,1577996.8699999999,2,0.9922178988326849,0.9006622516556292
2024-03-05,Extreme Greed,90.0,180,19791.026041,19795.464500000002,4676.724,841810.32,1,1.0,2.75
2024-03-06,Extreme Greed,75.0,82,6814.825139,6818.1804569999995,3990.4636585365856,327218.02,1,1.0,0.5471698113207547
2024-03-08,Extreme Greed,81.0,67,4271.886236,4275.557865,2740.047462686567,183583.18,1,1.0,2.526315789473684
2024-03-09,Extreme Greed,84.0,117,9949.501624,9947.64986,5625.459401709401,658178.75,1,0.9065420560747663,0.2857142857142857
2024-03-10,Extreme Greed,79.0,42,2482.9272,2480.646128,5237.472619047619,219973.85,1,0.7631578947368421,0.0
2024-03-11,Extreme Greed,82.0,42,3588.179495,3579.7066050000003,4202.844047619047,176519.44999999998,1,1.0,2.230769230769231
2024-03-12,Extreme Greed,81.0,8,3039.166,3034.220047,12880.10625,103040.85,1,1.0,
2024-03-13,Extreme Greed,81.0,7,0.0,-2.100278,857.2571428571428,6000.799999999999,1,,
2024-03-14,Extreme Greed,88.0,18,3465.865832,3454.1490399999993,8911.578235294117,205933.18,2,1.0,
2024-03-15,Extreme Greed,83.0,62,6236.513651,6187.028648,4806.812724937344,351894.41,3,1.0,1.321969696969697
2024-03-16,Extreme Greed,81.0,8,228.57984,218.05156,4768.638333333333,37223.66,2,1.0,0.0
2024-03-17,Extreme Greed,79.0,23,503.293955,469.530626,3558.657142857143,99506.95000000001,3,1.0,0.0
2024-03-18,Extreme Greed,77.0,19,1456.9577,1432.01442,5529.415555555555,90458.08,3,1.0,
2024-03-19,Extreme Greed,79.0,24,668.797973,642.809661,7782.870166666667,219884.84000000003,3,0.5,0.0
2024-03-20,Greed,74.0,69,6423.134599,6383.255760999999,4790.581008474576,215705.85,2,1.0,1.4583333333333333
2024-03-21,Extreme Greed,78.0,28,2335.5080749999997,2319.1133250000003,5520.619963768117,117895.56999999999,3,1.0,0.0
2024-03-24,Greed,74.0,19,1297.018477,1288.12964,4873.274210526315,92592.20999999999,1,1.0,0.0
2024-03-25,Extreme Greed,75.0,7,1302.916428,1282.925716,8159.4742857142855,57116.32,1,1.0,6.0
2024-03-26,Extreme Greed,81.0,118,3215.906593,3187.7591899999998,2499.7012162162164,198565.19,2,1.0,2.5
2024-03-27,Extreme Greed,83.0,38,150.41114000000002,118.69318799999999,2194.093821548822,99864.79000000001,2,0.5,1.6
2024-03-28,Extreme Greed,80.0,13,227.85100799999998,218.79177899999996,4101.139833333333,35323.72,2,1.0,0.0
2024-03-29,Extreme Greed,79.0,15,883.097404,852.677374,5794.291333333333,86914.37,1,1.0,
2024-03-30,Extreme Greed,75.0,45,1100.57514,1090.635686,2246.753777777778,101103.92,1,1.0,
2024-03-31,Extreme Greed,75.0,13,912.786145,898.8166229999999,3070.2276923076925,39912.96,1,1.0,3.3333333333333335
2024-04-01,Extreme Greed,79.0,77,2507.9634060000003,2424.212044,4457.414867097701,339470.47,2,0.9878048780487805,13.166666666666666
2024-04-02,Extreme Greed,79.0,41,883.760812,803.628238,4910.994628378378,239664.51,2,1.0,0.48
2024-04-03,Greed,71.0,4,126.7884,125.12719899999999,4221.8925,16887.57,2,1.0,
2024-04-04,Greed,70.0,32,0.0,-33.595684999999996,2999.6165625,95987.73,1,,0.0
2024-04-05,Extreme Greed,79.0,100,10706.484306,10603.054168,8073.9678617886175,503791.8,3,1.0,0.42857142857142855
2024-04-06,Extreme Greed,75.0,16,236.33513399999998,212.45685699999999,4263.979375,68223.67,1,1.0,0.3333333333333333
2024-04-07,Extreme Greed,78.0,23,0.0,-17.495845,2173.397391304348,49988.14,1,,0.0
2024-04-08,Extreme Greed,76.0,30,1218.4267,1156.6361519999998,15107.252678571427,211940.63999999998,2,1.0,0.0
2024-04-09,Extreme Greed,80.0,3,0.0,-19.972341,19021.280000000002,57063.840000000004,1,,0.0
2024-04-10,Extreme Greed,78.0,41,5207.443414,5084.335852,8578.926097560974,351735.97,1,1.0,0.17142857142857143
2024-04-11,Extreme Greed,76.0,16,389.743164,363.002835,4775.06,76400.96,1,1.0,
2024-04-12,Extreme Greed,79.0,129,-592.6458389999998,-690.2067139999999,3991.99318484383,442088.59,3,0.4127906976744186,0.0
2024-04-13,Greed,72.0,89,6621.451755,6502.452579,6664.0859154929585,486411.25,2,1.0,1.7307692307692308
2024-04-14,Greed,72.0,107,-36104.01252,-36317.489924,5418.294720203488,659162.1699999999,2,0.49113082039911304,0.5925925925925926
2024-04-15,Greed,74.0,41,3774.08872,3733.4381160000003,11507.990438596493,291111.19,2,1.0,1.7142857142857142
2024-04-16,Greed,65.0,47,2467.702221,2449.244536,2021.801847826087,181907.16999999998,2,1.0,0.21875
2024-04-17,Greed,67.0,14,2441.4683999999997,2430.8474370000004,6968.785000000001,97562.99,1,1.0,0.0
2024-04-19,Greed,66.0,35,1946.4454620000001,1828.4052020000001,9635.940571428573,337257.92000000004,1,1.0,10.666666666666666
2024-04-20,Greed,66.0,22,0.0,-121.289047,4218.23875,60733.240000000005,2,,0.0
2024-04-22,Greed,73.0,9,0.0,-16.797764,5332.623333333333,47993.61,1,,0.0
2024-04-23,Greed,71.0,66,1119.536196,1048.2277199999999,3467.0593055555555,233054.9,2,1.0,0.961111111111111
2024-04-24,Greed,72.0,20,279.185907,229.73959100000002,7063.762,141275.24,1,0.8571428571428571,
2024-04-25,Greed,72.0,74,0.0,-160.159512,6125.187181372548,120241.01,2,,
2024-04-26,Greed,70.0,3,0.0,-1.745898,1662.7633333333335,4988.290000000001,1,,0.0
2024-04-27,Greed,67.0,27,4281.488139,4227.495589,5713.498888888889,154264.47,1,1.0,2.375
2024-04-28,Greed,65.0,58,0.0,-15.394946000000001,1857.325025,43985.6,2,,0.0
2024-04-29,Greed,67.0,45,526.9338359999999,488.889206,1835.9344239631337,108699.01000000001,2,1.0,0.14583333333333334
2024-04-30,Greed,67.0,24,0.0,-43.75655,5209.114583333333,125018.75,1,,
2024-05-01,Neutral,54.0,14,0.0,-30.458908,6216.103571428571,87025.45,1,,
2024-05-03,Neutral,48.0,36,5306.017045,5207.106363999999,4312.244102829537,282682.64999999997,3,0.6666666666666666,0.8952380952380952
2024-05-04,Greed,67.0,9,0.0,-20.649559,5333.18,58998.75,2,,0.0
2024-05-05,Greed,69.0,6,0.916,-7.496778,3018.83125,24068.350000000002,2,1.0,0.0
2024-05-06,Greed,71.0,9,968.59038,896.484634,22890.714444444442,206016.43,1,1.0,0.8
2024-05-07,Greed,68.0,18,883.537693,845.4986319999999,3777.749619047619,108717.58000000002,3,1.0,0.3333333333333333
2024-05-08,Greed,64.0,13,1.56576,-21.511066,3314.9395,65973.57,2,0.5,2.0
2024-05-09,Greed,55.0,28,1147.595856,1069.907724,5169.068266666667,221966.12,2,1.0,2.0
2024-05-10,Greed,66.0,22,2101.741695,2046.833005,7131.0,156882.0,1,1.0,0.8333333333333334
2024-05-11,Neutral,53.0,9,251.604742,229.46761700000002,7027.661111111111,63248.95,1,1.0,
2024-05-12,Greed,56.0,23,0.0,-19.312829,2641.5750769230767,55179.56,2,,1.1666666666666667
2024-05-13,Greed,57.0,28,2136.853859,2069.26226,4592.0168,193118.9,2,1.0,0.75
2024-05-14,Greed,66.0,23,1150.5233050000002,1099.4746200000002,6341.452173913043,145853.4,1,1.0,4.75
2024-05-15,Greed,64.0,36,948.970582,866.747695,6525.626944444444,234922.57,1,1.0,2.0
2024-05-16,Greed,70.0,27,214.5898,157.67248,3947.9468750000005,162620.96000000002,2,1.0,0.3
2024-05-18,Greed,73.0,25,3522.3946610000003,3478.188569,5052.1256,126303.14,1,1.0,0.5625
2024-05-19,Greed,72.0,8,0.0,-10.499327000000001,3749.76125,29998.09,1,,
2024-05-20,Greed,70.0,10,-74.818442,-88.16210400000001,3210.944047619048,38124.75,2,0.0,
2024-05-21,Extreme Greed,76.0,125,7289.397572,6904.065627999999,8845.742417452831,1100948.59,2,0.6944444444444444,0.37783251231527093
2024-05-22,Extreme Greed,76.0,6,0.0,-15.748349000000001,7499.215,44995.29,1,,0.0
2024-05-23,Extreme Greed,76.0,325,413.347329,299.91724999999997,1660.6934437733678,401850.6,3,0.9294871794871795,0.19399847094801226
2024-05-24,Greed,74.0,2,821.949278,804.165113,25405.949999999997,50811.899999999994,1,1.0,
2024-05-25,Extreme Greed,76.0,16,14.126038999999999,3.8791519999999977,6429.7867857142855,29991.129999999997,2,1.0,0.0
2024-05-26,Extreme Greed,75.0,16,778.6839,759.9157089999999,3049.7073809523813,53976.670000000006,2,1.0,0.14285714285714285
2024-05-27,Greed,74.0,251,1129.35587,1083.523404,602.0546613545816,151115.72,1,0.967741935483871,0.0
2024-05-29,Greed,72.0,164,277.791953,240.915354,3225.606389937107,84268.76,2,0.9577464788732394,0.10416666666666667
2024-05-30,Greed,73.0,7,20.951433,19.958107,405.4414285714286,2838.09,1,1.0,0.0
2024-05-31,Greed,73.0,13,25.35812,24.085473999999998,279.70307692307694,3636.14,1,1.0,0.0
2024-06-01,Greed,72.0,25,91.510419,87.018313,513.3848,12834.62,1,1.0,0.0
2024-06-02,Greed,73.0,93,192.906947,185.114035,316.822688172043,29464.51,1,1.0,0.0
2024-06-03,Greed,73.0,70,562.808208,557.430122,306.66942857142857,21466.86,1,1.0,0.0
2024-06-04,Greed,73.0,53,52.211438,44.778485,457.42283018867926,24243.41,1,1.0,0.0
2024-06-05,Extreme Greed,75.0,54,56.055506,48.951446000000004,469.4587037037037,25350.77,1,0.9411764705882353,0.0
2024-06-06,Extreme Greed,78.0,234,274.173187,237.093763,587.8536752136753,137557.76,1,0.9803921568627451,0.008620689655172414
2024-06-07,Extreme Greed,77.0,440,8902.467416,8529.504751999999,5341.802685647685,1098588.76,3,0.9932432432432432,0.312984496124031
2024-06-08,Greed,72.0,29,129.13883900000002,95.065702,4404.230227272727,97351.88,2,1.0,
2024-06-09,Extreme Greed,75.0,17,0.0,-7.5157750000000005,2158.7568333333334,22410.219999999998,2,,
2024-06-10,Greed,72.0,53,31.266804999999998,16.570477,3230.523520408163,46587.93,2,1.0,0.0
2024-06-11,Greed,74.0,123,4320.631811,4190.703598,4961.957178130512,373279.92000000004,3,1.0,8.375
2024-06-12,Greed,72.0,254,-21886.531493,-21950.45291,462.6895703076348,193407.96,2,0.2692307692307692,0.0
2024-06-13,Greed,70.0,79,6632.757114999999,6599.357365000001,855.7622435897435,132577.22,2,0.5,1.9375
2024-06-14,Greed,74.0,31,10258.592609,10219.638533,4458.145,139868.66,2,1.0,0.0
2024-06-15,Greed,74.0,78,3369.9583460000003,3118.5357969999995,9368.916039473685,718350.25,2,1.0,0.2903225806451613
2024-06-16,Greed,71.0,11,0.0,-8.832277,2294.0981818181817,25235.079999999998,1,,0.0
2024-06-17,Greed,71.0,38,10599.502375,10470.56935,11431.901011904762,368380.12,2,0.9,1.9047619047619047
2024-06-18,Greed,74.0,25,282.57636,215.416102,10064.222023809525,263314.79000000004,2,1.0,
2024-06-19,Greed,64.0,61,4887.656944,4748.805200999999,7958.207635899888,417071.12,3,1.0,0.5185185185185185
2024-06-20,Greed,60.0,39,57478.456026,57464.986976,9667.364521604939,207990.8,3,1.0,0.0
2024-06-21,Greed,63.0,80,773.5582039999999,712.2811049999999,4112.947055335968,176264.49,2,1.0,3.708333333333333
2024-06-22,Neutral,53.0,24,756.876565,716.343183,6609.417380952381,169594.27,2,1.0,0.75
2024-06-23,Greed,55.0,5,0.0,-0.17921199999999998,358.424,1792.12,1,,0.0
2024-06-24,Neutral,51.0,31,0.0,-103.551001,13549.946976190477,403002.8,2,,0.6666666666666666
2024-06-25,Fear,30.0,49,4869.353105,4833.268454,2104.062857142857,103099.08,1,1.0,0.0
2024-06-26,Neutral,46.0,72,4197.732182,4070.177882,5886.254468922109,365190.66000000003,2,1.0,2.1
2024-06-27,Fear,40.0,30,0.0,-45.556011999999996,5291.166388888889,130486.95,2,,1.0
2024-06-29,Fear,30.0,75,6150.326145000001,5690.030914000001,7062.0621906693705,280095.11,2,1.0,0.28833333333333333
2024-06-30,Neutral,47.0,14,0.0,-17.057669,5023.579242424242,30520.690000000002,2,,0.2222222222222222
2024-07-01,Neutral,53.0,64,5065.839308,4640.516283000001,6341.125829562594,362670.14999999997,2,1.0,2.9583333333333335
2024-07-02,Neutral,51.0,18,2421.253116,2409.794386,1852.6372222222224,33347.47,1,1.0,0.38461538461538464
2024-07-03,Neutral,50.0,18,1118.387284,1055.758602,9926.54025,179600.66,2,1.0,1.5
2024-07-04,Fear,44.0,25,0.0,-113.02464499999999,17087.29051948052,430568.01,2,,
2024-07-05,Fear,29.0,32,0.0,-95.13071699999999,6840.433083333333,272289.89,2,,
2024-07-06,Fear,26.0,24,108.87217799999999,-235.481982,103.75708333333334,2490.17,1,1.0,2.4285714285714284
2024-07-07,Fear,29.0,10,61.428942,61.379067,49.875,498.75,1,1.0,0.0
2024-07-08,Fear,28.0,1,0.0,-0.0156,497.64,497.64,1,,
2024-07-09,Fear,27.0,15,648.984412,648.586844,182.42999999999998,2736.45,1,1.0,0.0
2024-07-10,Fear,28.0,56,11977.734907,11736.969867,8427.724266547406,687900.21,2,1.0,0.0
2024-07-11,Fear,29.0,19,1876.812082,1817.351639,8941.422105263156,169887.02,1,1.0,
2024-07-12,Fear,25.0,19,1412.314654,1380.9606250000002,4554.572499999999,89582.97,2,1.0,0.0
2024-07-13,Fear,25.0,17,2913.6178370000002,2864.9016269999997,5396.6286538461545,139189.19,2,1.0,0.0
2024-07-14,Fear,33.0,7,0.0,-29.400389,12000.16142857143,84001.13,1,,0.0
2024-07-15,Neutral,52.0,26,-1.0,-69.995769,7034.953571428572,198344.85,2,0.0,0.0
2024-07-16,Greed,65.0,22,0.0,-50.400180999999996,6545.480454545454,144000.57,1,,0.0
2024-07-17,Greed,69.0,351,1859.269477,1652.667564,7033.261067203665,626005.53,3,0.9354838709677419,0.0
2024-07-18,Greed,61.0,60,3803.8843110000003,3576.487647,6584.873301886792,649704.85,2,1.0,0.14634146341463414
2024-07-19,Greed,60.0,23,2155.891114,2103.2968260000002,4862.528660714286,150269.42,2,1.0,1.3
2024-07-20,Greed,74.0,266,2299.169566,2218.4111479999997,5829.96499135322,244362.21000000002,2,0.953125,0.625
2024-07-21,Greed,74.0,448,-2960.716887,-3025.440227,7546.36402247191,234307.46,2,0.08898305084745763,0.0
2024-07-22,Greed,70.0,154,1517.1198759999997,1419.66034,5661.121954887218,304213.8,2,0.5483870967741935,0.9285714285714286
2024-07-23,Greed,71.0,370,89890.302206,89831.05907999999,4569.890585854461,358526.54000000004,3,0.8703703703703703,0.0
2024-07-24,Greed,69.0,90,625.561479,570.4942,543.9847655172414,69207.93,5,1.0,0.0
2024-07-25,Greed,68.0,78,916.7382600000001,692.5523440000001,2918.634158119658,528555.31,3,1.0,0.2
2024-07-26,Greed,68.0,152,2766.513113,2559.946098,6183.470981981982,548587.65,4,1.0,0.0
2024-07-27,Greed,72.0,57,6400.623656,6083.8037620000005,9105.400903846154,905199.75,2,1.0,0.0
2024-07-28,Greed,71.0,16,587.29903,572.159908,5766.165897435898,43254.68,2,1.0,0.0
2024-07-29,Greed,74.0,39,330.80445399999996,216.28477,7153.621125,327199.13999999996,2,1.0,0.36363636363636365
2024-07-30,Greed,67.0,6,0.0,-12.602264,6001.078333333334,36006.47,1,,
2024-07-31,Greed,61.0,43,765.690884,736.113617,7223.7908333333335,84506.54000000001,2,1.0,0.0
2024-08-01,Neutral,52.0,57,167.080017,58.984981,4101.525502136752,227774.53,4,0.5714285714285714,7.5
2024-08-02,Greed,57.0,63,782.368191,636.847729,5362.653166666667,396320.37,3,1.0,4.0
2024-08-03,Fear,37.0,37,464.1897,355.53659400000004,5327.469375,290532.86,5,1.0,0.0
2024-08-04,Fear,34.0,127,-122672.000883,-123117.90311800002,6629.23107701525,1207744.07,5,0.3333333333333333,
2024-08-05,Fear,26.0,80,-13013.665169,-13216.384327,7078.875889037433,420495.4,4,0.632183908045977,0.5714285714285714
2024-08-06,Extreme Fear,17.0,107,267.318048,204.696769,393.69890277777773,61478.38,2,0.6904761904761905,7.519230769230769
2024-08-07,Fear,29.0,33,188.789255,185.03705119999998,198.29851370851372,2492.77,3,1.0,1.1
2024-08-08,Extreme Fear,20.0,9,-40.712216999999995,-47.360212,1641.4170000000001,16299.35,2,0.0,0.0
2024-08-09,Neutral,48.0,144,18082.071276,17896.81689532,3467.153811594203,503204.86,5,0.8309438470728793,2.0
2024-08-10,Fear,40.0,88,0.0,-50.0831879,65.50442528735633,11339.29,2,,
2024-08-11,Fear,39.0,24,847.7766200000001,806.8453330000001,2658.4393750000004,44230.21000000001,2,1.0,1.0
2024-08-12,Fear,25.0,48,858.6705000000001,822.598605,1027.6047849462366,54167.32,3,1.0,2.2708333333333335
2024-08-13,Fear,31.0,23,212.08102,194.148143,996.251568627451,20797.870000000003,3,1.0,1.0
2024-08-14,Fear,30.0,25,2168.9015130000003,2122.408407,2440.629851851852,66710.03,3,1.0,
2024-08-15,Fear,29.0,12,0.0,-16.50261,126.86416666666668,1522.3700000000001,1,,
2024-08-16,Fear,27.0,35,825.230544,744.042602,5456.588712121213,166382.84,2,1.0,
2024-08-17,Fear,25.0,30,-288.283113,-305.379652,623.7337931034483,30248.96,2,0.0,0.0
2024-08-18,Fear,31.0,15,307.201888,285.220331,2243.0217857142857,62804.48,2,1.0,6.0
2024-08-19,Fear,28.0,8,339.69958299999996,304.58932500000003,12539.37875,100315.03,1,1.0,
2024-08-20,Fear,30.0,12,192.602844,175.13267,3588.233125,49914.8,2,1.0,0.5
2024-08-21,Fear,26.0,145,656.200925,619.454342,860.1753496503497,104990.41,2,1.0,0.0
2024-08-23,Fear,34.0,10,1005.30527,983.076928,6350.956,63509.56,1,1.0,0.42857142857142855
2024-08-24,Greed,56.0,7,0.0,-12.249882,5749.9775,34999.67,2,,0.0
2024-08-25,Neutral,54.0,17,0.0,-26.303603,2142.0008653846153,21950.28,2,,0.8
2024-08-26,Greed,55.0,6,231.236918,198.93398599999998,9400.227,92611.27,2,1.0,1.5
2024-08-27,Neutral,48.0,50,0.0,-52.053551999999996,4704.215880398671,70250.16,2,,
2024-08-28,Fear,30.0,9,1333.359645,1308.453619,9308.846071428572,71160.07,2,1.0,0.0
2024-08-29,Fear,29.0,1,0.0,-3.498547,9995.85,9995.85,1,,0.0
2024-08-30,Fear,34.0,6,256.464,243.432824,4726.218333333333,37233.240000000005,4,1.0,0.0
2024-08-31,Fear,29.0,34,10.882801,-29.072513999999998,3808.283472222222,107507.43,3,0.9230769230769231,0.531578947368421
2024-09-01,Fear,26.0,12,137.433093,133.107232,1029.9733333333334,12359.68,1,1.0,0.5714285714285714
2024-09-02,Fear,26.0,2,0.0,-10.500148,15000.21,30000.42,1,,
2024-09-04,Fear,27.0,34,1065.785132,1002.2149049999999,18964.247424242425,131480.97,2,0.625,5.6
2024-09-05,Fear,29.0,1,0.0,0.0,0.84,0.84,1,,
2024-09-06,Extreme Fear,22.0,42,-1104.856765,-1118.523241,4427.207828947368,39047.1,2,0.0,0.0
2024-09-08,Fear,29.0,1,0.0,0.0,0.11,0.11,1,,
2024-09-09,Fear,26.0,2,0.0,-34.9079,2007.2150000000001,4014.4300000000003,1,,
2024-09-10,Fear,33.0,3,-219.729659,-227.020059,828.505,2547.2799999999997,2,0.0,
2024-09-11,Fear,37.0,1,0.0,0.0,0.54,0.54,1,,
2024-09-14,Neutral,50.0,11,0.0,-30.381330000000002,51.032500000000006,1014.8000000000001,2,,
2024-09-18,Neutral,45.0,145,-878.684794,-910.417737,94.02413793103449,13633.5,1,0.0,0.08208955223880597
2024-09-19,Neutral,49.0,19,0.0,-28.60766,80.09842105263158,1521.8700000000001,1,,
2024-09-20,Neutral,54.0,16,9585.03428,9475.717249,16228.205,332873.38,2,0.8888888888888888,0.0
2024-09-21,Neutral,54.0,23,36165.56933,36107.592489,7202.092173913044,165648.12,1,1.0,
2024-09-22,Neutral,52.0,3,0.0,-6.999907,6666.579999999999,19999.739999999998,1,,
2024-09-23,Neutral,50.0,2,334.760796,320.643794,20167.145,40334.29,1,1.0,
2024-09-24,Neutral,54.0,10,0.0,-12.966142,3112.6216666666664,7118.63,2,,0.0
2024-09-25,Greed,59.0,9,0.0,-17.764677,4625.595833333334,52754.13,2,,0.0
2024-09-26,Neutral,50.0,8,439.812513,408.464309,16733.887666666666,113711.93,2,1.0,1.0
2024-09-27,Greed,61.0,56,0.0,-37.503311,5283.362956521739,126097.04,2,,0.0
2024-09-28,Greed,64.0,4,0.0,-2.8031200000000003,7299.8025,29199.21,1,,0.0
2024-09-30,Greed,61.0,106,2710.626288,2644.9887119999994,9058.779114583333,214669.84999999998,2,1.0,0.5
2024-10-01,Neutral,50.0,4,0.0,-48.98401,34988.58,139954.32,1,,
2024-10-02,Fear,42.0,4,0.0,-34.984016999999994,24988.585,99954.34,1,,
2024-10-03,Fear,37.0,9,100.375782,53.848291,16293.794,132935.69,2,1.0,
2024-10-04,Fear,41.0,1,0.0,0.0,0.34,0.34,1,,
2024-10-05,Neutral,49.0,37,5767.161892,5555.200121,8411.48736111111,605605.74,2,1.0,6.2
2024-10-06,Neutral,50.0,22,130.487079,25.441386,13642.298181818182,300130.56,1,1.0,1.0
2024-10-07,Neutral,50.0,21,0.0,-76.994616,10475.459523809524,219984.65,1,,0.0
2024-10-08,Neutral,49.0,36,5396.546638,5244.4424180000005,6208.626428571429,434584.13,2,1.0,0.030303030303030304
2024-10-09,Neutral,49.0,14,396.06272,318.922753,15742.852142857142,220399.93,1,1.0,
2024-10-10,Fear,39.0,16,0.0,-105.00851,18751.521249999998,300024.33999999997,1,,
2024-10-11,Fear,32.0,26,8885.327477,8714.211283,9778.4342,488904.18999999994,2,1.0,2.5714285714285716
2024-10-12,Neutral,49.0,10,541.55471,485.65502499999997,15971.34,159713.4,1,1.0,0.25
2024-10-13,Neutral,50.0,10,0.0,-21.000841,6000.242,60002.42,1,,
2024-10-14,Neutral,48.0,5,1913.61958,1891.948976,12383.204000000002,61916.020000000004,1,1.0,
2024-10-15,Greed,65.0,7,1170.2260760000001,1141.815403,11596.194285714286,81173.36,1,1.0,
2024-10-16,Greed,73.0,11,219.480876,191.400672,7293.560909090909,80229.17,1,1.0,
2024-10-17,Greed,71.0,9,36.11496,-13.071147000000003,9001.861875,140531.75,2,0.5,
2024-10-18,Greed,73.0,6,333.219141,291.103143,20055.238333333335,120331.43000000001,1,1.0,
2024-10-19,Greed,72.0,4,0.0,-34.998901000000004,24999.215,99996.86,1,,
2024-10-20,Greed,73.0,96,389.155797,329.898338,10331.154444444446,176447.86000000002,2,1.0,0.0
2024-10-21,Greed,72.0,173,2464.915564,2355.0575209999997,7356.607483164983,324117.99,2,1.0,0.0
2024-10-22,Greed,70.0,3,0.0,-21.000124,20000.12,60000.36,1,,
2024-10-23,Greed,71.0,18,-46.489941,-119.992052,11667.003888888888,210006.07,1,0.0,
2024-10-25,Greed,72.0,30,13235.862071,13092.020156999999,10421.3436,427883.18,2,1.0,0.0
2024-10-27,Greed,74.0,4,666.6623079999999,634.929768,22666.1025,90664.41,1,1.0,3.0
2024-10-28,Greed,72.0,13,167.28016200000002,125.00682200000003,6853.967361111111,121495.25,2,1.0,0.16666666666666666
2024-10-29,Greed,72.0,53,801.170876,586.527162,8477.057136824325,613267.81,2,1.0,0.0
2024-10-30,Extreme Greed,77.0,25,9.150023,5.5530349999999995,473.23400000000004,11830.85,1,0.875,0.0
2024-10-31,Extreme Greed,77.0,48,1214.043811,901.332883,11652.91361952862,896173.36,3,0.6666666666666666,0.038461538461538464
2024-11-01,Extreme Greed,75.0,23,1040.4757359999999,949.820861,13904.701468253968,260981.03,2,0.75,
2024-11-02,Greed,72.0,2,0.0,-13.999997,20000.0,40000.0,1,,
2024-11-03,Greed,74.0,6,0.0,-40.404151999999996,18514.622499999998,129055.66,2,,
2024-11-04,Greed,70.0,36,2799.4104740000002,2641.2762940000002,9291.809576923079,451811.97000000003,2,1.0,
2024-11-05,Greed,70.0,10,678.4759280000001,608.256404,20062.723,200627.23,1,1.0,
2024-11-06,Greed,70.0,15,2817.83723,2774.46982,5412.8525,123906.90000000001,2,0.5,
2024-11-07,Extreme Greed,77.0,113,4493.353136,4467.17469362,10817.508925438597,111335.3,3,1.0,0.9791666666666666
2024-11-08,Extreme Greed,75.0,39,-64.41354100000001,-158.29179800000009,6015.327625,270700.44,2,0.5,
2024-11-09,Extreme Greed,75.0,86,102.90894,36.724437,8615.070396825398,193384.41,2,0.4318181818181818,0.0
2024-11-10,Extreme Greed,78.0,173,991.114334,848.800788,11255.515579268293,413636.7,3,1.0,0.0
2024-11-11,Extreme Greed,76.0,373,6749.630996,6352.720446,6531.381413891079,1570572.42,4,0.9839357429718875,0.0
2024-11-12,Extreme Greed,80.0,171,3494.399394,3066.494541,5625.0670173745175,1226354.52,4,0.8666666666666667,0.0
2024-11-13,Extreme Greed,84.0,48,7846.402274,7667.2182060000005,4761.854259999999,515336.37000000005,5,0.8214285714285714,0.0
2024-11-14,Extreme Greed,88.0,110,4563.509225,4228.480423,11673.894225874868,1008361.81,2,1.0,
2024-11-15,Extreme Greed,80.0,149,4140.740438,3674.312925,4932.664012754124,1427858.4200000002,4,1.0,0.7741935483870968
2024-11-16,Extreme Greed,86.0,157,2769.521909,2669.350606,5165.855126710655,303296.06999999995,4,0.9038461538461539,0.775
2024-11-17,Extreme Greed,90.0,209,882.975285,611.8635959999999,8292.807601929031,1215987.57,4,0.8242424242424242,3.188679245283019
2024-11-18,Extreme Greed,83.0,346,4470.815187,4025.7108480000006,7569.112206122768,2084339.58,7,0.7867383512544803,6.042948717948718
2024-11-19,Extreme Greed,90.0,305,2958.268991,2756.782058,3925.918239134809,628031.15,5,0.9506302521008403,0.7926406926406927
2024-11-20,Extreme Greed,83.0,550,4210.092897,3566.035528,8617.910898020928,1999514.1199999999,5,0.7213577981651376,1.9705128205128206
2024-11-21,Extreme Greed,82.0,535,1692.430891,1493.8026240000002,4325.083225052031,598300.62,5,0.7326241134751773,2.660493827160494
2024-11-22,Extreme Greed,94.0,679,-18105.345617,-18541.784676,9672.554860187398,1646713.62,6,0.5897921434328086,1.0569563152896486
2024-11-23,Extreme Greed,93.0,363,2901.5316380000004,2746.9097709999996,3023.790125983673,516245.68,4,0.9034965034965036,1.1956521739130435
2024-11-24,Extreme Greed,80.0,172,945.5503859999999,742.9672599999999,5946.092659639876,664952.28,3,0.8000000000000002,0.578125
2024-11-25,Extreme Greed,82.0,255,5523.740734,5239.961033,14569.320666666665,937410.87,2,0.841726618705036,0.8292682926829268
2024-11-26,Extreme Greed,79.0,302,1094.8093589999999,783.5108810000002,9648.129658441172,1146902.44,4,0.8275862068965517,1.6274509803921569
2024-11-27,Extreme Greed,75.0,213,-2654.495633,-3094.210169,14833.960215169445,1444242.5299999998,2,0.3978494623655914,5.7611940298507465
2024-11-28,Extreme Greed,77.0,332,-127075.399585,-127390.981594,9453.088323944856,1894225.15,5,0.6695652173913044,0.5326576576576577
2024-11-29,Extreme Greed,78.0,393,176844.994152,176652.54241643002,5402.243544435339,794262.91,11,0.9781031031031031,0.21143933527741623
2024-11-30,Extreme Greed,84.0,373,37316.69352,36764.318180500006,10207.418917797853,1732193.7,8,0.9737274220032841,1.3190246146767886
2024-12-01,Extreme Greed,81.0,416,40886.364493999994,40640.98074262,2866.272599895286,814711.82,9,0.9830246913580246,0.5073356531552713
2024-12-02,Extreme Greed,80.0,270,18489.604313,18341.71649941,8832.58634688174,585243.5599999999,8,0.9933333333333334,0.17475728155339806
2024-12-03,Extreme Greed,76.0,374,23576.539285000003,23245.966193289998,5405.150301684633,1084666.53,8,0.7564102564102564,0.644718309859155
2024-12-04,Extreme Greed,78.0,319,292891.815021,292719.20860335,4484.177672727795,769287.6499999999,7,0.8139344262295082,1.45
2024-12-05,Extreme Greed,84.0,456,71574.118488,71221.35276477,13046.811003940313,1256750.79,8,0.9830508474576272,0.11142524509803922
2024-12-06,Greed,72.0,403,-92624.64389500002,-93316.63768087,8237.81391307546,3471019.2199999997,10,0.6403508771929824,0.44131210378888397
2024-12-07,Extreme Greed,75.0,304,85906.279067,85797.82702910001,11563.67899420261,451733.42000000004,6,0.9702702702702701,0.03390293916609706
2024-12-08,Extreme Greed,79.0,420,15965.933436000001,15731.75455254,2838.3133225141632,932939.72,6,0.7314814814814815,0.06701625767912296
2024-12-09,Extreme Greed,78.0,539,6310.967676,6136.19423957,3060.8932197104878,983949.6799999999,10,0.9733967582804791,28.68681849551415
2024-12-10,Extreme Greed,78.0,1596,39325.770231,38872.22954565,5948.051532910199,3150424.08,11,0.9429807183598441,0.8196740843229948
2024-12-11,Greed,74.0,1221,319051.554217,318638.04498694,7368.288532970436,2194098.33,12,0.956198347107438,0.08385223410921366
2024-12-12,Extreme Greed,83.0,1932,599151.795008,598452.82955649,3209.814763123498,4557189.87,14,0.8811516656116302,0.055011382718559695
2024-12-13,Extreme Greed,76.0,1173,31935.901745,31482.67436864,3625.6732597373643,2880824.6399999997,11,0.9684011988424969,1.226523131024199
2024-12-14,Extreme Greed,83.0,1235,167801.399244,167569.30779897,5214.021001441984,2369561.78,12,0.8823687696638517,2.075662672476398
2024-12-15,Extreme Greed,80.0,1697,97525.315279,97293.98470862,2367.557944131799,2583269.81,15,0.975011936022917,0.5761625800471857
2024-12-16,Extreme Greed,83.0,1055,166774.344133,166372.194077,4065.39258788152,2740808.9699999997,13,0.9256588319088319,0.37299088319475565
2024-12-17,Extreme Greed,87.0,1941,219591.30517200002,218845.16478602,3522.8249718550974,5233597.63,16,0.9810036807612892,0.3712798887055393
2024-12-18,Extreme Greed,81.0,1429,13682.994673,12991.546702790001,4072.8043530478485,3798887.07,13,0.7794266648267131,0.7715757273846304
2024-12-19,Extreme Greed,75.0,3339,62744.004486000005,61687.77130692,5489.724122717871,8241709.390000001,13,0.858392489584156,1.3140526810968753
2024-12-20,Greed,74.0,2488,254969.66003899998,253758.82173322001,5489.580022489652,7681274.710000001,15,0.9726751779559266,2.5549591319183795
2024-12-21,Greed,73.0,1681,150022.163157,149341.77155987,3663.436151334103,4382875.12,8,0.9838687628161312,0.18375685253734036
2024-12-22,Greed,73.0,774,352197.163973,351864.10712847,8996.773153166025,3087320.2199999997,8,0.9285714285714285,0.1808308004052685
2024-12-23,Greed,70.0,2347,-29430.626576999988,-30631.523523569995,5161.807169060892,6771878.26,14,0.8291758085941581,0.4415162496981734
2024-12-24,Greed,73.0,338,14813.780116000002,14426.99767577,6715.186773797546,1767036.1099999999,11,0.834530471174645,0.5110157509277655
2024-12-25,Greed,73.0,208,756.6570469999999,690.1382647800001,9930.050963564214,347889.35,6,0.6458333333333334,2.1996358543417367
2024-12-26,Extreme Greed,79.0,697,60228.639722,59705.28072352,4635.337185284678,2205242.65,7,0.9643918517317772,0.99467125332641
2024-12-27,Greed,74.0,260,2672.811035,2584.2553884000004,3150.723705291842,347913.0,7,0.9802631578947368,0.20181837979094078
2024-12-28,Greed,72.0,161,940.673623,892.26513037,4634.626122562203,281555.01,7,0.7533333333333333,0.3073170731707317
2024-12-29,Greed,73.0,201,2884.067927,2811.9505698999997,3785.2636908877257,344628.54,7,1.0,0.08329737245876485
2024-12-30,Greed,65.0,304,9009.738137,8724.83181652,4879.142460989977,1073865.73,9,0.9920694459329118,0.44428659530417164
2024-12-31,Greed,64.0,306,5445.01281,5178.49639887,4110.495754394867,877164.62,6,0.8939393939393939,0.7825914149443561
2025-01-01,Greed,66.0,96,-9528.065344999999,-9559.669727210001,12320.497507297552,282582.1,6,0.9444444444444445,0.8145833333333333
2025-01-02,Greed,70.0,361,8716.519087,8540.37939377,4763.888663564507,774674.84,9,0.9906112799729822,0.49566297671283005
2025-01-03,Greed,74.0,508,6028.486792999999,5817.48895619,3009.5778170781678,771208.99,9,0.8889632107023411,0.20883241148209455
2025-01-04,Greed,73.0,371,2553.537968,2319.825997,2714.3341238838143,1826029.6199999999,9,0.9431372549019608,0.15416936005171303
2025-01-05,Greed,72.0,239,3187.719363,3048.3777520300005,3207.351497509364,451943.57,8,0.9560283687943262,0.022522522522522525
2025-01-06,Extreme Greed,76.0,573,6064.185393,5889.25430475,3934.352963359291,556526.99,7,0.8119868637110016,0.35682957393483705
2025-01-07,Extreme Greed,78.0,637,16098.227531,15794.84107837,3779.859241965134,1313178.1,6,0.9529489622071189,0.09022488171853418
2025-01-08,Greed,70.0,1039,130117.090554,129420.17764361999,6280.498384697002,3177275.18,11,0.9322431139409716,0.6264370278566735
2025-01-09,Greed,69.0,522,46975.928902,46700.41512257,8438.364377613954,1020733.25,7,0.851975051975052,1.5756920910423156
2025-01-10,Neutral,50.0,819,-10116.875552000001,-12211.05472705,5426.86538853398,6547449.680000001,7,0.8737096667329225,0.9417388167388167
2025-01-11,Greed,69.0,283,2269.080536,1774.4325586500001,3577.6869211277917,1658098.71,7,0.6972222222222223,2.0353670634920635
2025-01-12,Greed,62.0,602,5742.241803,5130.1590503,5060.026376661434,2258459.17,7,0.945,1.9490614648509386
2025-01-13,Greed,61.0,408,9655.429352,8792.32922722,4522.061261603913,2936648.01,11,0.9160493827160493,5.1550622504110875
2025-01-14,Greed,63.0,275,16069.512354999999,15828.92130552,2927.4154757610545,876581.9700000001,9,0.9496220710506424,0.3322094882729211
2025-01-15,Greed,70.0,267,14819.5883,14305.979305179999,7998.19254232978,1801599.8900000001,11,0.8797619047619047,1.7562289562289561
2025-01-16,Extreme Greed,75.0,371,20807.709328,19917.140160040002,8509.599524995581,3049692.96,9,0.8795055821371611,7.1830720092915215
2025-01-17,Extreme Greed,75.0,238,7006.415608,6655.00095911,5443.979137422176,1110230.46,8,0.996031746031746,0.282625786163522
2025-01-18,Extreme Greed,77.0,651,443.23308200000065,-372.7011194600002,4970.081051477259,2711629.8800000004,12,0.6671412173240698,0.8290416480071653
2025-01-19,Extreme Greed,77.0,1567,87923.799302,85761.44366229,5288.016611712736,9715215.299999999,15,0.7278374403374404,0.2824640993563012
2025-01-20,Extreme Greed,76.0,1315,87277.239173,85069.57935334,5344.767664705233,8287327.010000001,15,0.6821949440933398,1.9008906405163852
2025-01-21,Extreme Greed,76.0,530,11077.839420999999,10679.5351557,2303.443877025377,1523729.82,8,0.9767338092809791,0.5130333951762523
2025-01-22,Extreme Greed,84.0,832,20524.408057,20053.23791724,2691.065333453725,1778406.43,10,0.776518472495484,0.3023802127250403
2025-01-23,Extreme Greed,75.0,1218,101256.24216000001,100167.89229032,3350.8748692138374,3697028.6599999997,12,0.813579805854964,1.421823723261311
2025-01-24,Extreme Greed,75.0,874,10602.779738,10264.1361369,2249.111895612021,1611433.45,11,0.9498138957816378,1.4725603487800716
2025-01-25,Extreme Greed,75.0,506,-10348.016256,-10666.950018060003,4109.6643393200275,1239377.7,11,0.8807954216169226,5.7579120879120875
2025-01-26,Greed,73.0,451,40823.466668,40441.20851377,1853.962700167028,1201173.66,7,0.9473563218390805,1.3382840527170425
2025-01-27,Greed,71.0,773,41331.765392,40925.50622457,4389.545270927292,1508028.3099999998,15,0.8296040179157061,4.643683741606281
2025-01-28,Greed,72.0,498,17979.613973,17854.90368837,1147.0000053604547,579412.17,8,0.9476771196283392,3.542970874746576
2025-01-29,Greed,72.0,910,23421.01147,22808.49032491,1005.6093196411288,1897513.4100000001,9,0.9902097902097902,1.218939393939394
2025-01-30,Greed,70.0,1067,23097.471385,22222.82026927,3224.805693103684,3014397.17,11,0.9345602186395519,2.230950411677966
2025-01-31,Extreme Greed,76.0,1016,35868.296773,35197.35872149,2824.508739322569,2783411.48,11,0.9652602974828375,0.9455898646258123
2025-02-01,Greed,68.0,634,32300.205017,32014.72763511,3595.958238474312,1363746.44,12,0.9153759394812399,1.2289873838637246
2025-02-02,Greed,60.0,1319,162854.759623,161670.63753379,17923.397663095668,5661092.29,13,0.8203566501409115,2.1802432172335804
2025-02-03,Fear,44.0,2380,348871.326269,345879.76064494,4056.9656833075333,22592901.37,12,0.9186595327664384,0.8823934618659229
2025-02-04,Greed,72.0,2512,416876.88812,413023.10955606,14786.355519471777,15678409.27,13,0.9021355916516158,4.891530512498255
2025-02-05,Neutral,54.0,1297,56706.235562,55370.48594533,5490.269563032364,8743231.51,11,0.9127954294337997,1.991858678955453
2025-02-06,Neutral,49.0,1703,33803.799733,33094.669374389996,5891.5923189193645,2818508.87,11,0.7992080944580945,0.6927581060914393
2025-02-07,Fear,44.0,1524,22450.002091,21711.91285266,6431.565776060554,3460263.54,13,0.8662309368191721,14.463079645116535
2025-02-08,Fear,44.0,575,586.7032529999999,476.72696682000003,4740.429545620675,839734.97,10,0.8153846153846154,2.0
2025-02-09,Neutral,46.0,764,150551.82949200002,150124.46766704,9643.159723932622,2920919.6999999997,12,0.9786926406926406,0.43236652236652234
2025-02-10,Fear,43.0,889,63908.49465,63417.1323079,4320.176248680822,3624958.44,14,0.9321153846153847,0.3691793055429419
2025-02-11,Neutral,47.0,848,-6093.784817,-6570.21494485,13816.15519414078,2797544.17,12,0.8694158075601375,4.579883040935672
2025-02-12,Neutral,46.0,1031,19848.635031999995,18749.480000859996,3691.148467269913,4143974.54,12,0.8835583126550869,2.9063996311980183
2025-02-13,Neutral,50.0,1370,27829.534238,27006.04675398,2905.6885112235864,3199852.21,11,0.9,0.4399015190362885
2025-02-14,Neutral,48.0,1655,213860.675308,212899.09759225,6645.321776617367,4007103.42,15,0.8753628863826233,1.2304164510963291
2025-02-15,Neutral,50.0,932,45042.92701,44668.83969197999,3069.323432281983,1712852.95,12,0.918221444833139,2.418705436720143
2025-02-16,Neutral,54.0,681,2369.4784250000002,2197.90641972,2424.9325589001537,806177.64,10,0.9069327358801044,0.6121824426236191
2025-02-17,Neutral,51.0,941,1818.573295,1565.08653936,2573.8130790967175,2031044.64,9,0.889576883384933,1.6722198715181658
2025-02-18,Neutral,47.0,1676,91204.672403,90595.13300009,2439.3084291317186,3371128.6799999997,11,0.9628011614827217,2.7114005089692355
2025-02-19,Fear,44.0,1361,14985.794700999999,14297.307251499999,3044.0783364664103,3263930.2399999998,10,0.9352204907161804,7.793465813998555
2025-02-20,Neutral,49.0,2012,46008.794102,44776.33007725,3200.49791331748,4628609.29,11,0.9627002889414237,0.8423440065681446
2025-02-21,Greed,55.0,1873,119693.49395,118863.77563623,3763.264561836691,3972159.88,14,0.8844315639617654,0.2745871150215736
2025-02-22,Neutral,49.0,686,25278.704178,24398.53954403,3210.9677316020297,3175570.2,10,0.8022282445046672,3.389049185463659
2025-02-23,Neutral,50.0,520,10656.934251,10426.931531830001,2025.3314966073056,1141310.74,12,0.9053307803307804,7.354202279202279
2025-02-24,Neutral,49.0,5616,38470.176242,36372.211808759996,5813.689754780299,11223619.59,14,0.9109324236517219,1.9930202958630379
2025-02-25,Fear,25.0,6246,204762.177034,201575.56196969,11263.806788517837,19414984.360000003,18,0.8518134776757088,1.4338711638599948
2025-02-26,Extreme Fear,21.0,1176,63229.063129,62474.89058233,4297.2689537374545,4946958.13,13,0.8486189811393063,0.24915938537105842
2025-02-27,Extreme Fear,10.0,890,-36525.167517,-37037.31349031,2957.523272443834,1999898.4300000002,9,0.627931937708474,0.6534165795297036
2025-02-28,Extreme Fear,16.0,1019,225628.108748,224749.71048404,5018.168482276242,4123660.77,13,0.8860990325951394,9.145739948824437
2025-03-01,Extreme Fear,20.0,174,10596.108968,10559.04542261,1323.900934627064,263824.13,5,0.9166666666666666,2.479032258064516
2025-03-02,Fear,26.0,532,66914.320708,64982.62376599001,9435.08175443685,6460848.74,10,0.8888888888888888,1.3216086434573828
2025-03-03,Fear,33.0,1482,616413.032233,615372.46819058,5891.48832305893,8244590.38,14,0.9352078589500317,0.5815631720888048
2025-03-04,Extreme Fear,15.0,2402,182075.566585,179855.23009972004,10268.296054067108,11124247.15,16,0.8255511022044087,3.6552789802789807
2025-03-05,Extreme Fear,20.0,1660,269328.365917,267007.04440615,10155.367063343081,9193654.219999999,13,0.9057471264367817,1.5136214262241212
2025-03-06,Fear,25.0,760,16101.125561,14794.508397739999,5011.955424030711,6765324.96,12,0.9074431574431574,1.2181891025641025
2025-03-07,Fear,34.0,2552,150236.061627,145319.56058013,4828.075424295091,19854275.48,14,0.9609796372654889,8.011856959689778
2025-03-08,Fear,28.0,529,24700.773359,24492.433586,2083.7557251163084,892083.51,13,0.8888888888888888,3.8418803418803424
2025-03-09,Fear,27.0,1422,19773.457395,17396.3934682,5382.857975108619,10419697.989999998,12,1.0,7.723780673995114
2025-03-10,Extreme Fear,20.0,2911,-10010.02727,-13498.399741230005,8714.744511508396,16811790.68,14,0.6389658418504572,6.39084249084249
2025-03-11,Extreme Fear,24.0,3286,-76880.72903599999,-79321.80927804,5093.275406155301,14016952.09,16,0.7133609424631097,2.1346376989228775
2025-03-12,Fear,34.0,3968,288105.984215,284447.57064303005,7019.802541892649,18618139.15,13,0.7768361581920904,0.24769830559304243
2025-03-13,Neutral,45.0,962,14114.870873,13305.68416583,7799.85515344057,3285591.2199999997,13,0.7366405170512595,9.084487734487734
2025-03-14,Fear,27.0,2210,68646.160089,67452.67301408,8139.539306224104,8047187.16,10,0.9142156862745098,0.1810344827586207
2025-03-15,Neutral,46.0,261,78694.624572,78120.291684,7708.6652601301475,2355749.54,8,0.775977785655205,1.406845238095238
2025-03-16,Fear,30.0,530,-7910.943544999998,-10353.42654718,9594.985622600028,10187921.510000002,8,0.7453224150701486,2.5992773892773893
2025-03-17,Fear,32.0,920,26163.906512999998,25356.166505020003,7013.890160396814,3592895.0500000003,11,0.7169421487603306,0.8110896196002579
2025-03-18,Fear,34.0,834,72322.788824,71464.852693,11933.166052567834,4050655.47,13,0.8598591549295774,1.4135802469135803
2025-03-19,Fear,32.0,1612,29374.682341,28590.1922699816,3485.114570306017,4598813.57,12,0.837109296295806,18.84093207232478
2025-03-20,Neutral,49.0,771,10246.859435999999,9917.62399,9378.603769543417,1652257.9300000002,13,0.7995588586186085,2.438095238095238
2025-03-21,Fear,31.0,698,6951.270374,6317.80969117,11209.93959242558,2543903.3899999997,9,1.0,11.4
2025-03-22,Fear,32.0,535,12498.535254,12229.70045203,2249.545334283024,971809.42,8,0.6973684210526316,1.2675438596491229
2025-03-23,Fear,30.0,447,14047.421585,13450.20557097,10264.1454338322,2593519.67,10,1.0,3.53968253968254
2025-03-24,Neutral,45.0,1027,107878.961301,107347.85594963,9445.27067146553,3017587.05,13,0.8463879586265136,3.726115841334884
2025-03-25,Neutral,46.0,791,32030.90678,30629.55279423,20953.927919485017,5372519.77,13,0.7732179645125405,4.466666666666667
2025-03-26,Neutral,47.0,3102,15802.167427,14005.363910909999,6709.081489236362,7597754.369999999,17,0.8839508877852437,3.4451298701298705
2025-03-27,Fear,40.0,785,58825.35922099999,58111.335101699995,6890.256290322387,3240279.46,11,0.9629629629629629,0.15713395638629285
2025-03-28,Fear,44.0,728,21337.179335,20947.89593995,3563.386841981878,1483092.6099999999,11,0.8928571428571429,4.217894736842105
2025-03-29,Fear,26.0,1894,12098.872931,11259.028416379999,5035.971914387834,3668151.83,10,0.8101851851851851,0.7386363636363636
2025-03-30,Fear,32.0,568,15795.11514,15036.043386730002,5426.9751390718,2850874.96,9,0.8533231474407944,3.7666666666666666
2025-03-31,Fear,34.0,495,6978.184557,6496.182925889999,15312.561603613882,2164772.47,12,0.8208860759493671,2.175979279436587
2025-04-01,Fear,34.0,192,-2202.6622420000003,-2365.59823682,4558.46506548849,704445.19,9,0.7830459770114943,5.451851851851852
2025-04-02,Fear,44.0,1076,202212.740938,201031.5179001,6590.505772871629,3867930.6,11,0.9666666666666666,10.964285714285714
2025-04-03,Fear,25.0,1748,-2365.9612760000005,-3703.0801287000004,12263.471618694097,8670233.15,17,0.7146681965959075,1.1326599326599327
2025-04-04,Fear,28.0,1272,-25515.678949999998,-26351.742359361004,10168.60456674596,3835545.73,14,0.8541396198763547,3.3529943706894705
2025-04-05,Fear,30.0,360,35907.33771,35625.277366,7688.094999995332,1267564.22,10,0.9650618022328549,0.375
2025-04-06,Fear,34.0,1048,47053.449272,46435.0133593665,5966.8587118621535,3551252.06,14,0.9281954887218046,3.7956349206349205
2025-04-07,Extreme Fear,23.0,2814,34527.37030499999,31760.815203597092,6197.750275653812,14460253.14,18,0.6371507996620519,1.1689540509308252
2025-04-08,Extreme Fear,24.0,943,34899.394798,32624.41710694,10258.792198516065,8869391.4,17,0.8441629128156215,0.6122119891727735
2025-04-09,Extreme Fear,18.0,3967,43120.44479700001,37009.17043880602,6536.070056357808,28556806.47,20,0.817342596382267,2.1441330784362385
2025-04-10,Fear,39.0,2127,158261.822261,151393.265760218,8895.66675243713,28741953.29,19,0.8260911469978164,0.6206780908275924
2025-04-11,Fear,25.0,1096,126406.479081,124232.0400029099,15647.31594196445,11319327.07,16,0.8540367121507472,0.2818826382736303
2025-04-12,Fear,43.0,2109,410419.694533,398902.098158543,9145.882266314362,55914617.49,20,0.8202429345722029,0.29429268353419397
2025-04-13,Neutral,45.0,1321,48696.021521,46127.6853007351,6468.434674119618,14171154.790000001,17,0.7582302558362749,1.059960365005349
2025-04-14,Fear,31.0,890,45680.443063,43657.285344432996,67612.96765413342,13079972.98,14,0.8641330891330892,1.7905330609034311
2025-04-15,Fear,38.0,1131,72357.706282,70490.80152261001,7147.794569692438,20752168.240000002,14,0.9133333333333333,3.7447453255963894
2025-04-16,Fear,29.0,1608,58631.730257,52634.11235171,17693.459823967718,36502715.900000006,17,0.8073539874557749,1.3286992677762401
2025-04-17,Fear,30.0,1031,5427.919886,4908.71114908,17519.073498803646,2604551.51,12,0.6935634328358209,0.42313833468749057
2025-04-18,Fear,33.0,1894,4880.404743999995,213.07681222999418,7772.081700873313,24610650.46,12,0.9443856635974862,0.032533119024956744
2025-04-19,Fear,32.0,2786,71950.57749499999,65469.951162310004,5296.331807203404,32706462.71,15,0.9222010716300056,0.6032780918377805
2025-04-20,Fear,37.0,1982,25060.341936,23173.012327894197,6589.530167509346,12126094.05,12,0.7482773003668526,0.09427611921075679
2025-04-21,Fear,39.0,1718,34369.267907,28013.176843120003,7711.012841716643,42104054.84,14,0.7888732472461125,0.3603568149022695
2025-04-22,Neutral,47.0,2998,58652.763578000006,52903.077827,13301.268895901321,33753625.239999995,15,0.7707202111613876,0.021287878787878786
2025-04-23,Greed,72.0,6159,-419020.225731,-426362.30657288,7073.965365371731,30682443.79,19,0.7239090621182164,0.677320082001563
2025-04-24,Greed,63.0,2232,50704.395964999996,43337.895645064695,6751.605474563955,35088918.64,15,0.7111111582344215,0.7947714788810384
2025-04-25,Greed,60.0,1653,20218.859206,13919.765951261801,9853.784985740125,27749455.779999997,16,0.7768822243049047,0.5565593984703072
2025-04-26,Greed,65.0,1131,-4125.753942,-6778.060695519999,6352.991784877824,11948127.77,12,0.7004357298474946,3.0555555555555554
2025-04-27,Greed,61.0,337,2702.067468,2646.1406953438,1053.841426187838,487537.69,9,0.8005401234567902,2.861111111111111
2025-04-28,Neutral,54.0,1379,36906.813759,30899.5623554699,5690.62463900138,26124921.49,8,0.6940905225291764,1.4257839721254357
2025-04-29,Greed,60.0,2243,125749.61342699999,120600.3181398469,6694.939833922207,34089511.66,7,0.830317059483726,0.2446236559139785
2025-04-30,Greed,56.0,1113,14003.797269,11053.6134961245,15281.108429267268,12693878.849999998,8,0.9132653061224489,1.1172465745636477
2025-05-01,Neutral,53.0,1230,54536.82929700001,51884.2156190342,5670.252370591543,10720240.52,11,0.7427667110452411,1.9005079520297707
